2026/04/12 14:24:12.026, 13.27, 2505, 0, 0
2026/04/12 14:24:12.136, 13.27, 2505, 0, 0
2026/04/12 14:24:12.245, 13.27, 2505, 0, 0
2026/04/12 14:24:12.356, 13.27, 2505, 0, 0
2026/04/12 14:24:12.465, 1.20, 2505, 0, 0
2026/04/12 14:24:12.998, 12.74, 2505, 0, 0
2026/04/12 14:24:13.106, 12.74, 2505, 0, 0
2026/04/12 14:24:13.216, 12.74, 2505, 0, 0
2026/04/12 14:24:13.326, 1.20, 2130, 0, 0
2026/04/12 14:24:13.874, 13.63, 2505, 0, 0
2026/04/12 14:24:13.985, 13.63, 2505, 0, 0
2026/04/12 14:24:14.094, 13.63, 2505, 0, 0
2026/04/12 14:24:14.204, 13.63, 2505, 0, 0
2026/04/12 14:24:14.314, 13.63, 2505, 0, 0
2026/04/12 14:24:14.424, 44.57, 2490, 0, 0
2026/04/12 14:24:14.534, 44.57, 2490, 0, 0
2026/04/12 14:24:14.645, 44.57, 2490, 0, 0
2026/04/12 14:24:14.754, 44.57, 2490, 0, 0
2026/04/12 14:24:14.865, 57.56, 2340, 100, 52
2026/04/12 14:24:14.975, 57.56, 2340, 100, 52
2026/04/12 14:24:15.087, 57.56, 2340, 100, 52
2026/04/12 14:24:15.228, 57.56, 2340, 100, 52
2026/04/12 14:24:15.338, 57.56, 2340, 100, 52
2026/04/12 14:24:15.450, 68.96, 2265, 100, 52
2026/04/12 14:24:15.559, 68.96, 2265, 100, 52
2026/04/12 14:24:15.670, 68.96, 2265, 100, 52
2026/04/12 14:24:15.778, 68.96, 2265, 100, 52
2026/04/12 14:24:15.889, 69.03, 2265, 100, 10
2026/04/12 14:24:16.000, 69.03, 2265, 100, 10
2026/04/12 14:24:16.110, 69.03, 2265, 100, 10
2026/04/12 14:24:16.219, 69.03, 2265, 100, 10
2026/04/12 14:24:16.331, 69.03, 2265, 100, 10
2026/04/12 14:24:16.439, 69.52, 2220, 100, 10
2026/04/12 14:24:16.549, 69.52, 2220, 100, 10
2026/04/12 14:24:16.659, 69.52, 2220, 100, 10
2026/04/12 14:24:16.770, 69.52, 2220, 100, 10
2026/04/12 14:24:16.879, 69.42, 2250, 100, 52
2026/04/12 14:24:16.989, 69.42, 2250, 100, 52
2026/04/12 14:24:17.098, 69.42, 2250, 100, 52
2026/04/12 14:24:17.207, 69.42, 2250, 100, 52
2026/04/12 14:24:17.317, 69.42, 2250, 100, 52
2026/04/12 14:24:17.428, 69.06, 2250, 100, 52
2026/04/12 14:24:17.539, 69.06, 2250, 100, 52
2026/04/12 14:24:17.648, 69.06, 2250, 100, 52
2026/04/12 14:24:17.757, 69.06, 2250, 100, 52
2026/04/12 14:24:17.867, 70.02, 2235, 100, 10
2026/04/12 14:24:17.976, 70.02, 2235, 100, 10
2026/04/12 14:24:18.088, 70.02, 2235, 100, 10
2026/04/12 14:24:18.198, 70.02, 2235, 100, 10
2026/04/12 14:24:18.307, 70.02, 2235, 100, 10
2026/04/12 14:24:18.416, 69.39, 2250, 100, 10
2026/04/12 14:24:18.528, 69.39, 2250, 100, 10
2026/04/12 14:24:18.640, 69.39, 2250, 100, 10
2026/04/12 14:24:18.751, 69.39, 2250, 100, 10
2026/04/12 14:24:18.861, 69.61, 2250, 100, 44
2026/04/12 14:24:18.970, 69.61, 2250, 100, 44
2026/04/12 14:24:19.083, 69.61, 2250, 100, 44
2026/04/12 14:24:19.193, 69.61, 2250, 100, 44
2026/04/12 14:24:19.303, 69.61, 2250, 100, 44
2026/04/12 14:24:19.411, 69.09, 2250, 100, 44
2026/04/12 14:24:19.520, 69.09, 2250, 100, 44
2026/04/12 14:24:19.628, 69.09, 2250, 100, 44
2026/04/12 14:24:19.739, 69.09, 2250, 100, 44
2026/04/12 14:24:19.849, 69.67, 2340, 100, 10
2026/04/12 14:24:19.959, 69.67, 2340, 100, 10
2026/04/12 14:24:20.067, 69.67, 2340, 100, 10
2026/04/12 14:24:20.178, 69.67, 2340, 100, 10
2026/04/12 14:24:20.288, 69.67, 2340, 100, 10
2026/04/12 14:24:20.397, 69.50, 2310, 100, 10
2026/04/12 14:24:20.508, 69.50, 2310, 100, 10
2026/04/12 14:24:20.617, 69.50, 2310, 100, 10
2026/04/12 14:24:20.729, 69.50, 2310, 100, 10
2026/04/12 14:24:20.838, 69.50, 2310, 100, 10
2026/04/12 14:24:20.947, 70.05, 2190, 100, 42
2026/04/12 14:24:21.055, 70.05, 2190, 100, 42
2026/04/12 14:24:21.164, 70.05, 2190, 100, 42
2026/04/12 14:24:21.273, 70.05, 2190, 100, 42
2026/04/12 14:24:21.382, 69.50, 2250, 100, 42
2026/04/12 14:24:21.491, 69.50, 2250, 100, 42
2026/04/12 14:24:21.600, 69.50, 2250, 100, 42
2026/04/12 14:24:21.711, 69.50, 2250, 100, 42
2026/04/12 14:24:21.820, 69.50, 2250, 100, 42
2026/04/12 14:24:21.929, 69.45, 2325, 100, 10
2026/04/12 14:24:22.038, 69.45, 2325, 100, 10
2026/04/12 14:24:22.147, 69.45, 2325, 100, 10
2026/04/12 14:24:22.257, 69.45, 2325, 100, 10
2026/04/12 14:24:22.366, 69.12, 2250, 100, 10
2026/04/12 14:24:22.475, 69.12, 2250, 100, 10
2026/04/12 14:24:22.583, 69.12, 2250, 100, 10
2026/04/12 14:24:22.693, 69.12, 2250, 100, 10
2026/04/12 14:24:22.802, 69.12, 2250, 100, 10
2026/04/12 14:24:22.911, 69.42, 2265, 100, 40
2026/04/12 14:24:23.021, 69.42, 2265, 100, 40
2026/04/12 14:24:23.131, 69.42, 2265, 100, 40
2026/04/12 14:24:23.241, 69.42, 2265, 100, 40
2026/04/12 14:24:23.350, 69.25, 2250, 100, 40
2026/04/12 14:24:23.459, 69.25, 2250, 100, 40
2026/04/12 14:24:23.568, 69.25, 2250, 100, 40
2026/04/12 14:24:23.677, 69.25, 2250, 100, 40
2026/04/12 14:24:23.787, 69.25, 2250, 100, 40
2026/04/12 14:24:23.895, 69.52, 2325, 100, 9
2026/04/12 14:24:24.005, 69.52, 2325, 100, 9
2026/04/12 14:24:24.116, 69.52, 2325, 100, 9
2026/04/12 14:24:24.227, 69.52, 2325, 100, 9
2026/04/12 14:24:24.337, 69.52, 2325, 100, 9
2026/04/12 14:24:24.446, 68.70, 2250, 100, 9
2026/04/12 14:24:24.558, 68.70, 2250, 100, 9
2026/04/12 14:24:24.668, 68.70, 2250, 100, 9
2026/04/12 14:24:24.778, 68.70, 2250, 100, 9
2026/04/12 14:24:24.887, 68.89, 2205, 100, 41
2026/04/12 14:24:24.996, 68.89, 2205, 100, 41
2026/04/12 14:24:25.106, 68.89, 2205, 100, 41
2026/04/12 14:24:25.213, 68.89, 2205, 100, 41
2026/04/12 14:24:25.322, 68.89, 2205, 100, 41
2026/04/12 14:24:25.431, 70.56, 2250, 100, 41
2026/04/12 14:24:25.543, 70.56, 2250, 100, 41
2026/04/12 14:24:25.651, 70.56, 2250, 100, 41
2026/04/12 14:24:25.762, 70.56, 2250, 100, 41
2026/04/12 14:24:25.872, 69.42, 2340, 100, 10
2026/04/12 14:24:25.982, 69.42, 2340, 100, 10
2026/04/12 14:24:26.091, 69.42, 2340, 100, 10
2026/04/12 14:24:26.200, 69.42, 2340, 100, 10
2026/04/12 14:24:26.310, 69.42, 2340, 100, 10
2026/04/12 14:24:26.420, 69.54, 2430, 100, 10
2026/04/12 14:24:26.530, 69.54, 2430, 100, 10
2026/04/12 14:24:26.640, 69.54, 2430, 100, 10
2026/04/12 14:24:26.751, 69.54, 2430, 100, 10
2026/04/12 14:24:26.861, 70.18, 2415, 100, 39
2026/04/12 14:24:26.971, 70.18, 2415, 100, 39
2026/04/12 14:24:27.080, 70.18, 2415, 100, 39
2026/04/12 14:24:27.190, 70.18, 2415, 100, 39
2026/04/12 14:24:27.300, 70.18, 2415, 100, 39
2026/04/12 14:24:27.411, 70.33, 2220, 100, 39
2026/04/12 14:24:27.521, 70.33, 2220, 100, 39
2026/04/12 14:24:27.631, 70.33, 2220, 100, 39
2026/04/12 14:24:27.741, 70.33, 2220, 100, 39
2026/04/12 14:24:27.851, 70.09, 2250, 100, 11
2026/04/12 14:24:27.960, 70.09, 2250, 100, 11
2026/04/12 14:24:28.069, 70.09, 2250, 100, 11
2026/04/12 14:24:28.178, 70.09, 2250, 100, 11
2026/04/12 14:24:28.289, 70.09, 2250, 100, 11
2026/04/12 14:24:28.398, 69.18, 2250, 100, 11
2026/04/12 14:24:28.506, 69.18, 2250, 100, 11
2026/04/12 14:24:28.615, 69.18, 2250, 100, 11
2026/04/12 14:24:28.726, 69.18, 2250, 100, 11
2026/04/12 14:24:28.836, 69.18, 2250, 100, 11
2026/04/12 14:24:28.947, 69.08, 2250, 100, 40
2026/04/12 14:24:29.058, 69.08, 2250, 100, 40
2026/04/12 14:24:29.168, 69.08, 2250, 100, 40
2026/04/12 14:24:29.278, 69.08, 2250, 100, 40
2026/04/12 14:24:29.389, 69.24, 2250, 100, 40
2026/04/12 14:24:29.499, 69.24, 2250, 100, 40
2026/04/12 14:24:29.608, 69.24, 2250, 100, 40
2026/04/12 14:24:29.718, 69.24, 2250, 100, 40
2026/04/12 14:24:29.827, 69.24, 2250, 100, 40
2026/04/12 14:24:29.937, 69.53, 2355, 100, 10
2026/04/12 14:24:30.047, 69.53, 2355, 100, 10
2026/04/12 14:24:30.156, 69.53, 2355, 100, 10
2026/04/12 14:24:30.263, 69.53, 2355, 100, 10
2026/04/12 14:24:30.373, 69.78, 2295, 100, 10
2026/04/12 14:24:30.483, 69.78, 2295, 100, 10
2026/04/12 14:24:30.593, 69.78, 2295, 100, 10
2026/04/12 14:24:30.702, 69.78, 2295, 100, 10
2026/04/12 14:24:30.810, 69.78, 2295, 100, 10
2026/04/12 14:24:30.921, 69.54, 2235, 100, 39
2026/04/12 14:24:31.031, 69.54, 2235, 100, 39
2026/04/12 14:24:31.140, 69.54, 2235, 100, 39
2026/04/12 14:24:31.248, 69.54, 2235, 100, 39
2026/04/12 14:24:31.358, 68.92, 2250, 100, 39
2026/04/12 14:24:31.467, 68.92, 2250, 100, 39
2026/04/12 14:24:31.577, 68.92, 2250, 100, 39
2026/04/12 14:24:31.687, 68.92, 2250, 100, 39
2026/04/12 14:24:31.796, 68.92, 2250, 100, 39
2026/04/12 14:24:31.906, 69.82, 2250, 100, 12
2026/04/12 14:24:32.016, 69.82, 2250, 100, 12
2026/04/12 14:24:32.127, 69.82, 2250, 100, 12
2026/04/12 14:24:32.236, 69.82, 2250, 100, 12
2026/04/12 14:24:32.345, 68.92, 2250, 100, 12
2026/04/12 14:24:32.455, 68.92, 2250, 100, 12
2026/04/12 14:24:32.566, 68.92, 2250, 100, 12
2026/04/12 14:24:32.676, 68.92, 2250, 100, 12
2026/04/12 14:24:32.785, 68.92, 2250, 100, 12
2026/04/12 14:24:32.895, 69.17, 2250, 100, 39
2026/04/12 14:24:33.004, 69.17, 2250, 100, 39
2026/04/12 14:24:33.114, 69.17, 2250, 100, 39
2026/04/12 14:24:33.224, 69.17, 2250, 100, 39
2026/04/12 14:24:33.332, 69.17, 2250, 100, 39
2026/04/12 14:24:33.443, 69.44, 2250, 100, 39
2026/04/12 14:24:33.553, 69.44, 2250, 100, 39
2026/04/12 14:24:33.662, 69.44, 2250, 100, 39
2026/04/12 14:24:33.772, 69.44, 2250, 100, 39
2026/04/12 14:24:33.882, 69.49, 2340, 100, 10
2026/04/12 14:24:33.992, 69.49, 2340, 100, 10
2026/04/12 14:24:34.102, 69.49, 2340, 100, 10
2026/04/12 14:24:34.212, 69.49, 2340, 100, 10
2026/04/12 14:24:34.321, 69.49, 2340, 100, 10
2026/04/12 14:24:34.430, 69.34, 2295, 100, 10
2026/04/12 14:24:34.540, 69.34, 2295, 100, 10
2026/04/12 14:24:34.650, 69.34, 2295, 100, 10
2026/04/12 14:24:34.759, 69.34, 2295, 100, 10
2026/04/12 14:24:34.868, 69.31, 2250, 100, 44
2026/04/12 14:24:34.979, 69.31, 2250, 100, 44
2026/04/12 14:24:35.089, 69.31, 2250, 100, 44
2026/04/12 14:24:35.198, 69.31, 2250, 100, 44
2026/04/12 14:24:35.308, 69.31, 2250, 100, 44
2026/04/12 14:24:35.417, 69.45, 2235, 100, 44
2026/04/12 14:24:35.527, 69.45, 2235, 100, 44
2026/04/12 14:24:35.638, 69.45, 2235, 100, 44
2026/04/12 14:24:35.747, 69.45, 2235, 100, 44
2026/04/12 14:24:35.856, 69.38, 2295, 100, 10
2026/04/12 14:24:35.967, 69.38, 2295, 100, 10
2026/04/12 14:24:36.075, 69.38, 2295, 100, 10
2026/04/12 14:24:36.185, 69.38, 2295, 100, 10
2026/04/12 14:24:36.295, 69.38, 2295, 100, 10
2026/04/12 14:24:36.404, 69.20, 2400, 100, 10
2026/04/12 14:24:36.515, 69.20, 2400, 100, 10
2026/04/12 14:24:36.625, 69.20, 2400, 100, 10
2026/04/12 14:24:36.733, 69.20, 2400, 100, 10
2026/04/12 14:24:36.842, 69.20, 2400, 100, 10
2026/04/12 14:24:36.951, 69.49, 2250, 100, 45
2026/04/12 14:24:37.062, 69.49, 2250, 100, 45
2026/04/12 14:24:37.172, 69.49, 2250, 100, 45
2026/04/12 14:24:37.282, 69.49, 2250, 100, 45
2026/04/12 14:24:37.392, 69.48, 2250, 100, 45
2026/04/12 14:24:37.502, 69.48, 2250, 100, 45
2026/04/12 14:24:37.613, 69.48, 2250, 100, 45
2026/04/12 14:24:37.725, 69.48, 2250, 100, 45
2026/04/12 14:24:37.835, 69.48, 2250, 100, 45
2026/04/12 14:24:37.943, 69.68, 2280, 100, 9
2026/04/12 14:24:38.053, 69.68, 2280, 100, 9
2026/04/12 14:24:38.164, 69.68, 2280, 100, 9
2026/04/12 14:24:38.275, 69.68, 2280, 100, 9
2026/04/12 14:24:38.383, 68.86, 2250, 100, 9
2026/04/12 14:24:38.493, 68.86, 2250, 100, 9
2026/04/12 14:24:38.602, 68.86, 2250, 100, 9
2026/04/12 14:24:38.711, 68.86, 2250, 100, 9
2026/04/12 14:24:38.822, 68.86, 2250, 100, 9
2026/04/12 14:24:38.933, 68.58, 2250, 100, 50
2026/04/12 14:24:39.043, 68.58, 2250, 100, 50
2026/04/12 14:24:39.155, 68.58, 2250, 100, 50
2026/04/12 14:24:39.266, 68.58, 2250, 100, 50
2026/04/12 14:24:39.377, 69.20, 2220, 100, 50
2026/04/12 14:24:39.485, 69.20, 2220, 100, 50
2026/04/12 14:24:39.595, 69.20, 2220, 100, 50
2026/04/12 14:24:39.705, 69.20, 2220, 100, 50
2026/04/12 14:24:39.814, 69.20, 2220, 100, 50
2026/04/12 14:24:39.927, 69.35, 2400, 100, 10
2026/04/12 14:24:40.035, 69.35, 2400, 100, 10
2026/04/12 14:24:40.149, 69.35, 2400, 100, 10
2026/04/12 14:24:40.256, 69.35, 2400, 100, 10
2026/04/12 14:24:40.370, 69.65, 2400, 100, 10
2026/04/12 14:24:40.478, 69.65, 2400, 100, 10
2026/04/12 14:24:40.588, 69.65, 2400, 100, 10
2026/04/12 14:24:40.697, 69.65, 2400, 100, 10
2026/04/12 14:24:40.810, 69.65, 2400, 100, 10
2026/04/12 14:24:40.917, 69.58, 2250, 100, 51
2026/04/12 14:24:41.031, 69.58, 2250, 100, 51
2026/04/12 14:24:41.138, 69.58, 2250, 100, 51
2026/04/12 14:24:41.248, 69.58, 2250, 100, 51
2026/04/12 14:24:41.359, 69.13, 2250, 100, 51
2026/04/12 14:24:41.468, 69.13, 2250, 100, 51
2026/04/12 14:24:41.579, 69.13, 2250, 100, 51
2026/04/12 14:24:41.688, 69.13, 2250, 100, 51
2026/04/12 14:24:41.800, 69.13, 2250, 100, 51
2026/04/12 14:24:41.908, 69.88, 2250, 100, 10
2026/04/12 14:24:42.018, 69.88, 2250, 100, 10
2026/04/12 14:24:42.132, 69.88, 2250, 100, 10
2026/04/12 14:24:42.240, 69.88, 2250, 100, 10
2026/04/12 14:24:42.359, 68.94, 2250, 100, 10
2026/04/12 14:24:42.475, 68.94, 2250, 100, 10
2026/04/12 14:24:42.586, 68.94, 2250, 100, 10
2026/04/12 14:24:42.695, 68.94, 2250, 100, 10
2026/04/12 14:24:42.805, 68.94, 2250, 100, 10
2026/04/12 14:24:42.919, 69.42, 2250, 100, 51
2026/04/12 14:24:43.029, 69.42, 2250, 100, 51
2026/04/12 14:24:43.138, 69.42, 2250, 100, 51
2026/04/12 14:24:43.250, 69.42, 2250, 100, 51
2026/04/12 14:24:43.359, 69.42, 2250, 100, 51
2026/04/12 14:24:43.469, 68.97, 2250, 100, 51
2026/04/12 14:24:43.577, 68.97, 2250, 100, 51
2026/04/12 14:24:43.691, 68.97, 2250, 100, 51
2026/04/12 14:24:43.801, 68.97, 2250, 100, 51
2026/04/12 14:24:43.908, 69.22, 2400, 100, 10
2026/04/12 14:24:44.022, 69.22, 2400, 100, 10
2026/04/12 14:24:44.134, 69.22, 2400, 100, 10
2026/04/12 14:24:44.243, 69.22, 2400, 100, 10
2026/04/12 14:24:44.353, 69.39, 2220, 100, 10
2026/04/12 14:24:44.465, 69.39, 2220, 100, 10
2026/04/12 14:24:44.575, 69.39, 2220, 100, 10
2026/04/12 14:24:44.689, 69.39, 2220, 100, 10
2026/04/12 14:24:44.796, 69.39, 2220, 100, 10
2026/04/12 14:24:44.907, 69.39, 2235, 100, 52
2026/04/12 14:24:45.019, 69.39, 2235, 100, 52
2026/04/12 14:24:45.129, 69.39, 2235, 100, 52
2026/04/12 14:24:45.237, 69.39, 2235, 100, 52
2026/04/12 14:24:45.348, 69.34, 2220, 100, 52
2026/04/12 14:24:45.458, 69.34, 2220, 100, 52
2026/04/12 14:24:45.568, 69.34, 2220, 100, 52
2026/04/12 14:24:45.682, 69.34, 2220, 100, 52
2026/04/12 14:24:45.788, 69.34, 2220, 100, 52
2026/04/12 14:24:45.901, 69.62, 2385, 100, 10
2026/04/12 14:24:46.010, 69.62, 2385, 100, 10
2026/04/12 14:24:46.121, 69.62, 2385, 100, 10
2026/04/12 14:24:46.234, 69.62, 2385, 100, 10
2026/04/12 14:24:46.344, 69.62, 2385, 100, 10
2026/04/12 14:24:46.457, 69.44, 2205, 100, 10
2026/04/12 14:24:46.566, 69.44, 2205, 100, 10
2026/04/12 14:24:46.676, 69.44, 2205, 100, 10
2026/04/12 14:24:46.790, 69.44, 2205, 100, 10
2026/04/12 14:24:46.899, 69.40, 2235, 100, 52
2026/04/12 14:24:47.008, 69.40, 2235, 100, 52
2026/04/12 14:24:47.120, 69.40, 2235, 100, 52
2026/04/12 14:24:47.228, 69.40, 2235, 100, 52
2026/04/12 14:24:47.340, 69.40, 2235, 100, 52
2026/04/12 14:24:47.451, 68.97, 2250, 100, 52
2026/04/12 14:24:47.560, 68.97, 2250, 100, 52
2026/04/12 14:24:47.671, 68.97, 2250, 100, 52
2026/04/12 14:24:47.785, 68.97, 2250, 100, 52
2026/04/12 14:24:47.894, 69.57, 2235, 100, 10
2026/04/12 14:24:48.004, 69.57, 2235, 100, 10
2026/04/12 14:24:48.111, 69.57, 2235, 100, 10
2026/04/12 14:24:48.223, 69.57, 2235, 100, 10
2026/04/12 14:24:48.335, 69.57, 2235, 100, 10
2026/04/12 14:24:48.445, 68.62, 2250, 100, 10
2026/04/12 14:24:48.556, 68.62, 2250, 100, 10
2026/04/12 14:24:48.667, 68.62, 2250, 100, 10
2026/04/12 14:24:48.778, 68.62, 2250, 100, 10
2026/04/12 14:24:48.888, 69.44, 2400, 100, 51
2026/04/12 14:24:48.996, 69.44, 2400, 100, 51
2026/04/12 14:24:49.106, 69.44, 2400, 100, 51
2026/04/12 14:24:49.219, 69.44, 2400, 100, 51
2026/04/12 14:24:49.328, 69.44, 2400, 100, 51
2026/04/12 14:24:49.439, 69.35, 2250, 100, 51
2026/04/12 14:24:49.552, 69.35, 2250, 100, 51
2026/04/12 14:24:49.661, 69.35, 2250, 100, 51
2026/04/12 14:24:49.768, 69.35, 2250, 100, 51
2026/04/12 14:24:49.882, 69.47, 2325, 100, 10
2026/04/12 14:24:49.990, 69.47, 2325, 100, 10
2026/04/12 14:24:50.101, 69.47, 2325, 100, 10
2026/04/12 14:24:50.215, 69.47, 2325, 100, 10
2026/04/12 14:24:50.324, 69.47, 2325, 100, 10
2026/04/12 14:24:50.432, 70.08, 2265, 100, 10
2026/04/12 14:24:50.545, 70.08, 2265, 100, 10
2026/04/12 14:24:50.653, 70.08, 2265, 100, 10
2026/04/12 14:24:50.766, 70.08, 2265, 100, 10
2026/04/12 14:24:50.876, 69.82, 2235, 100, 52
2026/04/12 14:24:50.990, 69.82, 2235, 100, 52
2026/04/12 14:24:51.098, 69.82, 2235, 100, 52
2026/04/12 14:24:51.211, 69.82, 2235, 100, 52
2026/04/12 14:24:51.322, 69.82, 2235, 100, 52
2026/04/12 14:24:51.433, 70.35, 2235, 100, 52
2026/04/12 14:24:51.539, 70.35, 2235, 100, 52
2026/04/12 14:24:51.652, 70.35, 2235, 100, 52
2026/04/12 14:24:51.759, 70.35, 2235, 100, 52
2026/04/12 14:24:51.871, 69.62, 2250, 100, 10
2026/04/12 14:24:51.984, 69.62, 2250, 100, 10
2026/04/12 14:24:52.093, 69.62, 2250, 100, 10
2026/04/12 14:24:52.203, 69.62, 2250, 100, 10
2026/04/12 14:24:52.312, 69.62, 2250, 100, 10
2026/04/12 14:24:52.424, 69.72, 2250, 100, 10
2026/04/12 14:24:52.534, 69.72, 2250, 100, 10
2026/04/12 14:24:52.647, 69.72, 2250, 100, 10
2026/04/12 14:24:52.757, 69.72, 2250, 100, 10
2026/04/12 14:24:52.867, 69.60, 2220, 100, 51
2026/04/12 14:24:52.977, 69.60, 2220, 100, 51
2026/04/12 14:24:53.089, 69.60, 2220, 100, 51
2026/04/12 14:24:53.198, 69.60, 2220, 100, 51
2026/04/12 14:24:53.310, 69.60, 2220, 100, 51
2026/04/12 14:24:53.422, 69.36, 2250, 100, 51
2026/04/12 14:24:53.532, 69.36, 2250, 100, 51
2026/04/12 14:24:53.644, 69.36, 2250, 100, 51
2026/04/12 14:24:53.754, 69.36, 2250, 100, 51
2026/04/12 14:24:53.865, 69.57, 2265, 100, 10
2026/04/12 14:24:53.974, 69.57, 2265, 100, 10
2026/04/12 14:24:54.084, 69.57, 2265, 100, 10
2026/04/12 14:24:54.194, 69.57, 2265, 100, 10
2026/04/12 14:24:54.307, 69.57, 2265, 100, 10
2026/04/12 14:24:54.416, 69.82, 2250, 100, 10
2026/04/12 14:24:54.525, 69.82, 2250, 100, 10
2026/04/12 14:24:54.637, 69.82, 2250, 100, 10
2026/04/12 14:24:54.745, 69.82, 2250, 100, 10
2026/04/12 14:24:54.855, 69.11, 2250, 100, 51
2026/04/12 14:24:54.965, 69.11, 2250, 100, 51
2026/04/12 14:24:55.078, 69.11, 2250, 100, 51
2026/04/12 14:24:55.186, 69.11, 2250, 100, 51
2026/04/12 14:24:55.299, 69.11, 2250, 100, 51
2026/04/12 14:24:55.408, 69.99, 2235, 100, 51
2026/04/12 14:24:55.519, 69.99, 2235, 100, 51
2026/04/12 14:24:55.626, 69.99, 2235, 100, 51
2026/04/12 14:24:55.738, 69.99, 2235, 100, 51
2026/04/12 14:24:55.849, 69.37, 2250, 100, 9
2026/04/12 14:24:55.958, 69.37, 2250, 100, 9
2026/04/12 14:24:56.069, 69.37, 2250, 100, 9
2026/04/12 14:24:56.181, 69.37, 2250, 100, 9
2026/04/12 14:24:56.289, 69.37, 2250, 100, 9
2026/04/12 14:24:56.400, 69.57, 2355, 100, 9
2026/04/12 14:24:56.511, 69.57, 2355, 100, 9
2026/04/12 14:24:56.624, 69.57, 2355, 100, 9
2026/04/12 14:24:56.732, 69.57, 2355, 100, 9
2026/04/12 14:24:56.844, 69.57, 2355, 100, 9
2026/04/12 14:24:56.953, 69.26, 2220, 100, 51
2026/04/12 14:24:57.063, 69.26, 2220, 100, 51
2026/04/12 14:24:57.173, 69.26, 2220, 100, 51
2026/04/12 14:24:57.285, 69.26, 2220, 100, 51
2026/04/12 14:24:57.395, 69.55, 2250, 100, 51
2026/04/12 14:24:57.504, 69.55, 2250, 100, 51
2026/04/12 14:24:57.613, 69.55, 2250, 100, 51
2026/04/12 14:24:57.724, 69.55, 2250, 100, 51
2026/04/12 14:24:57.836, 69.55, 2250, 100, 51
2026/04/12 14:24:57.946, 69.86, 2235, 100, 9
2026/04/12 14:24:58.056, 69.86, 2235, 100, 9
2026/04/12 14:24:58.166, 69.86, 2235, 100, 9
2026/04/12 14:24:58.277, 69.86, 2235, 100, 9
2026/04/12 14:24:58.388, 68.96, 2400, 100, 9
2026/04/12 14:24:58.497, 68.96, 2400, 100, 9
2026/04/12 14:24:58.611, 68.96, 2400, 100, 9
2026/04/12 14:24:58.717, 68.96, 2400, 100, 9
2026/04/12 14:24:58.829, 68.96, 2400, 100, 9
2026/04/12 14:24:58.939, 68.84, 2235, 100, 51
2026/04/12 14:24:59.051, 68.84, 2235, 100, 51
2026/04/12 14:24:59.160, 68.84, 2235, 100, 51
2026/04/12 14:24:59.271, 68.84, 2235, 100, 51
2026/04/12 14:24:59.380, 69.34, 2250, 100, 51
2026/04/12 14:24:59.493, 69.34, 2250, 100, 51
2026/04/12 14:24:59.601, 69.34, 2250, 100, 51
2026/04/12 14:24:59.712, 69.34, 2250, 100, 51
2026/04/12 14:24:59.823, 69.34, 2250, 100, 51
2026/04/12 14:24:59.933, 69.59, 2235, 100, 10
2026/04/12 14:25:00.042, 69.59, 2235, 100, 10
2026/04/12 14:25:00.152, 69.59, 2235, 100, 10
2026/04/12 14:25:00.262, 69.59, 2235, 100, 10
2026/04/12 14:25:00.373, 69.83, 2250, 100, 10
2026/04/12 14:25:00.484, 69.83, 2250, 100, 10
2026/04/12 14:25:00.594, 69.83, 2250, 100, 10
2026/04/12 14:25:00.705, 69.83, 2250, 100, 10
2026/04/12 14:25:00.814, 69.83, 2250, 100, 10
2026/04/12 14:25:00.926, 69.73, 2220, 100, 51
2026/04/12 14:25:01.034, 69.73, 2220, 100, 51
2026/04/12 14:25:01.145, 69.73, 2220, 100, 51
2026/04/12 14:25:01.254, 69.73, 2220, 100, 51
2026/04/12 14:25:01.367, 69.82, 2190, 100, 51
2026/04/12 14:25:01.476, 69.82, 2190, 100, 51
2026/04/12 14:25:01.587, 69.82, 2190, 100, 51
2026/04/12 14:25:01.697, 69.82, 2190, 100, 51
2026/04/12 14:25:01.809, 69.82, 2190, 100, 51
2026/04/12 14:25:01.918, 69.13, 2250, 100, 10
2026/04/12 14:25:02.026, 69.13, 2250, 100, 10
2026/04/12 14:25:02.140, 69.13, 2250, 100, 10
2026/04/12 14:25:02.250, 69.13, 2250, 100, 10
2026/04/12 14:25:02.362, 69.60, 2460, 100, 10
2026/04/12 14:25:02.472, 69.60, 2460, 100, 10
2026/04/12 14:25:02.582, 69.60, 2460, 100, 10
2026/04/12 14:25:02.694, 69.60, 2460, 100, 10
2026/04/12 14:25:02.801, 69.60, 2460, 100, 10
2026/04/12 14:25:02.914, 69.21, 2205, 100, 51
2026/04/12 14:25:03.023, 69.21, 2205, 100, 51
2026/04/12 14:25:03.132, 69.21, 2205, 100, 51
2026/04/12 14:25:03.243, 69.21, 2205, 100, 51
2026/04/12 14:25:03.355, 69.58, 2250, 100, 51
2026/04/12 14:25:03.477, 69.58, 2250, 100, 51
2026/04/12 14:25:03.593, 69.58, 2250, 100, 51
2026/04/12 14:25:03.704, 69.58, 2250, 100, 51
2026/04/12 14:25:03.815, 69.58, 2250, 100, 51
2026/04/12 14:25:03.924, 70.27, 2175, 100, 10
2026/04/12 14:25:04.035, 70.27, 2175, 100, 10
2026/04/12 14:25:04.143, 70.27, 2175, 100, 10
2026/04/12 14:25:04.255, 70.27, 2175, 100, 10
2026/04/12 14:25:04.366, 69.50, 2460, 100, 10
2026/04/12 14:25:04.477, 69.50, 2460, 100, 10
2026/04/12 14:25:04.586, 69.50, 2460, 100, 10
2026/04/12 14:25:04.695, 69.50, 2460, 100, 10
2026/04/12 14:25:04.806, 69.50, 2460, 100, 10
2026/04/12 14:25:04.913, 68.38, 2250, 100, 52
2026/04/12 14:25:05.027, 68.38, 2250, 100, 52
2026/04/12 14:25:05.138, 68.38, 2250, 100, 52
2026/04/12 14:25:05.245, 68.38, 2250, 100, 52
2026/04/12 14:25:05.360, 69.73, 2205, 100, 52
2026/04/12 14:25:05.467, 69.73, 2205, 100, 52
2026/04/12 14:25:05.575, 69.73, 2205, 100, 52
2026/04/12 14:25:05.687, 69.73, 2205, 100, 52
2026/04/12 14:25:05.797, 69.73, 2205, 100, 52
2026/04/12 14:25:05.907, 69.70, 2250, 100, 10
2026/04/12 14:25:06.016, 69.70, 2250, 100, 10
2026/04/12 14:25:06.126, 69.70, 2250, 100, 10
2026/04/12 14:25:06.237, 69.70, 2250, 100, 10
2026/04/12 14:25:06.350, 69.70, 2250, 100, 10
2026/04/12 14:25:06.456, 69.84, 2235, 100, 10
2026/04/12 14:25:06.567, 69.84, 2235, 100, 10
2026/04/12 14:25:06.675, 69.84, 2235, 100, 10
2026/04/12 14:25:06.788, 69.84, 2235, 100, 10
2026/04/12 14:25:06.899, 69.39, 2235, 100, 52
2026/04/12 14:25:07.008, 69.39, 2235, 100, 52
2026/04/12 14:25:07.118, 69.39, 2235, 100, 52
2026/04/12 14:25:07.231, 69.39, 2235, 100, 52
2026/04/12 14:25:07.342, 69.39, 2235, 100, 52
2026/04/12 14:25:07.448, 69.88, 2205, 100, 52
2026/04/12 14:25:07.562, 69.88, 2205, 100, 52
2026/04/12 14:25:07.669, 69.88, 2205, 100, 52
2026/04/12 14:25:07.780, 69.88, 2205, 100, 52
2026/04/12 14:25:07.892, 69.47, 2250, 100, 10
2026/04/12 14:25:08.003, 69.47, 2250, 100, 10
2026/04/12 14:25:08.111, 69.47, 2250, 100, 10
2026/04/12 14:25:08.224, 69.47, 2250, 100, 10
2026/04/12 14:25:08.331, 69.47, 2250, 100, 10
2026/04/12 14:25:08.442, 69.49, 2445, 100, 10
2026/04/12 14:25:08.555, 69.49, 2445, 100, 10
2026/04/12 14:25:08.663, 69.49, 2445, 100, 10
2026/04/12 14:25:08.772, 69.49, 2445, 100, 10
2026/04/12 14:25:08.883, 69.38, 2295, 100, 52
2026/04/12 14:25:08.994, 69.38, 2295, 100, 52
2026/04/12 14:25:09.102, 69.38, 2295, 100, 52
2026/04/12 14:25:09.213, 69.38, 2295, 100, 52
2026/04/12 14:25:09.325, 69.38, 2295, 100, 52
2026/04/12 14:25:09.435, 69.50, 2250, 100, 52
2026/04/12 14:25:09.544, 69.50, 2250, 100, 52
2026/04/12 14:25:09.653, 69.50, 2250, 100, 52
2026/04/12 14:25:09.760, 69.50, 2250, 100, 52
2026/04/12 14:25:09.871, 69.74, 2205, 100, 10
2026/04/12 14:25:09.981, 69.74, 2205, 100, 10
2026/04/12 14:25:10.091, 69.74, 2205, 100, 10
2026/04/12 14:25:10.202, 69.74, 2205, 100, 10
2026/04/12 14:25:10.312, 69.74, 2205, 100, 10
2026/04/12 14:25:10.421, 70.16, 2400, 100, 10
2026/04/12 14:25:10.531, 70.16, 2400, 100, 10
2026/04/12 14:25:10.642, 70.16, 2400, 100, 10
2026/04/12 14:25:10.751, 70.16, 2400, 100, 10
2026/04/12 14:25:10.860, 69.43, 2250, 100, 51
2026/04/12 14:25:10.970, 69.43, 2250, 100, 51
2026/04/12 14:25:11.081, 69.43, 2250, 100, 51
2026/04/12 14:25:11.191, 69.43, 2250, 100, 51
2026/04/12 14:25:11.301, 69.43, 2250, 100, 51
2026/04/12 14:25:11.412, 69.72, 2235, 100, 51
2026/04/12 14:25:11.522, 69.72, 2235, 100, 51
2026/04/12 14:25:11.632, 69.72, 2235, 100, 51
2026/04/12 14:25:11.741, 69.72, 2235, 100, 51
2026/04/12 14:25:11.849, 69.39, 2250, 100, 10
2026/04/12 14:25:11.959, 69.39, 2250, 100, 10
2026/04/12 14:25:12.070, 69.39, 2250, 100, 10
2026/04/12 14:25:12.179, 69.39, 2250, 100, 10
2026/04/12 14:25:12.290, 69.39, 2250, 100, 10
2026/04/12 14:25:12.399, 69.32, 2400, 100, 10
2026/04/12 14:25:12.509, 69.32, 2400, 100, 10
2026/04/12 14:25:12.619, 69.32, 2400, 100, 10
2026/04/12 14:25:12.729, 69.32, 2400, 100, 10
2026/04/12 14:25:12.839, 69.32, 2400, 100, 10
2026/04/12 14:25:12.948, 68.75, 2220, 100, 51
2026/04/12 14:25:13.058, 68.75, 2220, 100, 51
2026/04/12 14:25:13.168, 68.75, 2220, 100, 51
2026/04/12 14:25:13.278, 68.75, 2220, 100, 51
2026/04/12 14:25:13.388, 69.51, 2250, 100, 51
2026/04/12 14:25:13.497, 69.51, 2250, 100, 51
2026/04/12 14:25:13.607, 69.51, 2250, 100, 51
2026/04/12 14:25:13.717, 69.51, 2250, 100, 51
2026/04/12 14:25:13.827, 69.51, 2250, 100, 51
2026/04/12 14:25:13.938, 70.74, 2190, 100, 9
2026/04/12 14:25:14.048, 70.74, 2190, 100, 9
2026/04/12 14:25:14.156, 70.74, 2190, 100, 9
2026/04/12 14:25:14.266, 70.74, 2190, 100, 9
2026/04/12 14:25:14.376, 69.42, 2355, 100, 9
2026/04/12 14:25:14.487, 69.42, 2355, 100, 9
2026/04/12 14:25:14.598, 69.42, 2355, 100, 9
2026/04/12 14:25:14.708, 69.42, 2355, 100, 9
2026/04/12 14:25:14.818, 69.42, 2355, 100, 9
2026/04/12 14:25:14.929, 68.59, 2340, 100, 51
2026/04/12 14:25:15.038, 68.59, 2340, 100, 51
2026/04/12 14:25:15.148, 68.59, 2340, 100, 51
2026/04/12 14:25:15.258, 68.59, 2340, 100, 51
2026/04/12 14:25:15.369, 69.66, 2205, 100, 51
2026/04/12 14:25:15.477, 69.66, 2205, 100, 51
2026/04/12 14:25:15.585, 69.66, 2205, 100, 51
2026/04/12 14:25:15.695, 69.66, 2205, 100, 51
2026/04/12 14:25:15.803, 69.66, 2205, 100, 51
2026/04/12 14:25:15.913, 69.12, 2250, 100, 10
2026/04/12 14:25:16.024, 69.12, 2250, 100, 10
2026/04/12 14:25:16.135, 69.12, 2250, 100, 10
2026/04/12 14:25:16.245, 69.12, 2250, 100, 10
2026/04/12 14:25:16.354, 69.12, 2250, 100, 10
2026/04/12 14:25:16.464, 69.59, 2250, 100, 10
2026/04/12 14:25:16.574, 69.59, 2250, 100, 10
2026/04/12 14:25:16.684, 69.59, 2250, 100, 10
2026/04/12 14:25:16.793, 69.59, 2250, 100, 10
2026/04/12 14:25:16.904, 68.82, 2250, 100, 45
2026/04/12 14:25:17.014, 68.82, 2250, 100, 45
2026/04/12 14:25:17.125, 68.82, 2250, 100, 45
2026/04/12 14:25:17.234, 68.82, 2250, 100, 45
2026/04/12 14:25:17.346, 68.82, 2250, 100, 45
2026/04/12 14:25:17.455, 69.53, 2205, 100, 45
2026/04/12 14:25:17.564, 69.53, 2205, 100, 45
2026/04/12 14:25:17.675, 69.53, 2205, 100, 45
2026/04/12 14:25:17.785, 69.53, 2205, 100, 45
2026/04/12 14:25:17.894, 69.29, 2250, 100, 10
2026/04/12 14:25:18.005, 69.29, 2250, 100, 10
2026/04/12 14:25:18.115, 69.29, 2250, 100, 10
2026/04/12 14:25:18.224, 69.29, 2250, 100, 10
2026/04/12 14:25:18.333, 69.29, 2250, 100, 10
2026/04/12 14:25:18.442, 69.45, 2295, 100, 10
2026/04/12 14:25:18.552, 69.45, 2295, 100, 10
2026/04/12 14:25:18.660, 69.45, 2295, 100, 10
2026/04/12 14:25:18.768, 69.45, 2295, 100, 10
2026/04/12 14:25:18.879, 69.21, 2235, 100, 39
2026/04/12 14:25:18.988, 69.21, 2235, 100, 39
2026/04/12 14:25:19.098, 69.21, 2235, 100, 39
2026/04/12 14:25:19.208, 69.21, 2235, 100, 39
2026/04/12 14:25:19.320, 69.21, 2235, 100, 39
2026/04/12 14:25:19.428, 69.54, 2250, 100, 39
2026/04/12 14:25:19.538, 69.54, 2250, 100, 39
2026/04/12 14:25:19.645, 69.54, 2250, 100, 39
2026/04/12 14:25:19.754, 69.54, 2250, 100, 39
2026/04/12 14:25:19.864, 70.72, 2235, 100, 10
2026/04/12 14:25:19.974, 70.72, 2235, 100, 10
2026/04/12 14:25:20.087, 70.72, 2235, 100, 10
2026/04/12 14:25:20.197, 70.72, 2235, 100, 10
2026/04/12 14:25:20.304, 70.72, 2235, 100, 10
2026/04/12 14:25:20.413, 69.74, 2415, 100, 10
2026/04/12 14:25:20.524, 69.74, 2415, 100, 10
2026/04/12 14:25:20.634, 69.74, 2415, 100, 10
2026/04/12 14:25:20.743, 69.74, 2415, 100, 10
2026/04/12 14:25:20.853, 69.59, 2400, 100, 39
2026/04/12 14:25:20.963, 69.59, 2400, 100, 39
2026/04/12 14:25:21.074, 69.59, 2400, 100, 39
2026/04/12 14:25:21.183, 69.59, 2400, 100, 39
2026/04/12 14:25:21.292, 69.59, 2400, 100, 39
2026/04/12 14:25:21.402, 69.04, 2250, 100, 39
2026/04/12 14:25:21.513, 69.04, 2250, 100, 39
2026/04/12 14:25:21.624, 69.04, 2250, 100, 39
2026/04/12 14:25:21.734, 69.04, 2250, 100, 39
2026/04/12 14:25:21.842, 69.04, 2250, 100, 39
2026/04/12 14:25:21.952, 69.12, 2250, 100, 16
2026/04/12 14:25:22.060, 69.12, 2250, 100, 16
2026/04/12 14:25:22.170, 69.12, 2250, 100, 16
2026/04/12 14:25:22.278, 69.12, 2250, 100, 16
2026/04/12 14:25:22.388, 69.34, 2220, 100, 16
2026/04/12 14:25:22.499, 69.34, 2220, 100, 16
2026/04/12 14:25:22.609, 69.34, 2220, 100, 16
2026/04/12 14:25:22.718, 69.34, 2220, 100, 16
2026/04/12 14:25:22.829, 69.34, 2220, 100, 16
2026/04/12 14:25:22.939, 69.31, 2205, 100, 31
2026/04/12 14:25:23.051, 69.31, 2205, 100, 31
2026/04/12 14:25:23.160, 69.31, 2205, 100, 31
2026/04/12 14:25:23.270, 69.31, 2205, 100, 31
2026/04/12 14:25:23.380, 69.75, 2430, 100, 31
2026/04/12 14:25:23.491, 69.75, 2430, 100, 31
2026/04/12 14:25:23.601, 69.75, 2430, 100, 31
2026/04/12 14:25:23.711, 69.75, 2430, 100, 31
2026/04/12 14:25:23.821, 69.75, 2430, 100, 31
2026/04/12 14:25:23.932, 70.05, 2250, 100, 18
2026/04/12 14:25:24.043, 70.05, 2250, 100, 18
2026/04/12 14:25:24.153, 70.05, 2250, 100, 18
2026/04/12 14:25:24.262, 70.05, 2250, 100, 18
2026/04/12 14:25:24.372, 69.71, 2355, 100, 18
2026/04/12 14:25:24.483, 69.71, 2355, 100, 18
2026/04/12 14:25:24.593, 69.71, 2355, 100, 18
2026/04/12 14:25:24.702, 69.71, 2355, 100, 18
2026/04/12 14:25:24.811, 69.71, 2355, 100, 18
2026/04/12 14:25:24.921, 69.74, 2220, 100, 27
2026/04/12 14:25:25.032, 69.74, 2220, 100, 27
2026/04/12 14:25:25.142, 69.74, 2220, 100, 27
2026/04/12 14:25:25.252, 69.74, 2220, 100, 27
2026/04/12 14:25:25.361, 69.48, 2220, 100, 27
2026/04/12 14:25:25.471, 69.48, 2220, 100, 27
2026/04/12 14:25:25.581, 69.48, 2220, 100, 27
2026/04/12 14:25:25.691, 69.48, 2220, 100, 27
2026/04/12 14:25:25.801, 69.48, 2220, 100, 27
2026/04/12 14:25:25.912, 69.60, 2250, 100, 26
2026/04/12 14:25:26.022, 69.60, 2250, 100, 26
2026/04/12 14:25:26.133, 69.60, 2250, 100, 26
2026/04/12 14:25:26.244, 69.60, 2250, 100, 26
2026/04/12 14:25:26.351, 69.30, 2310, 100, 26
2026/04/12 14:25:26.460, 69.30, 2310, 100, 26
2026/04/12 14:25:26.569, 69.30, 2310, 100, 26
2026/04/12 14:25:26.680, 69.30, 2310, 100, 26
2026/04/12 14:25:26.790, 69.30, 2310, 100, 26
2026/04/12 14:25:26.899, 69.73, 2250, 100, 22
2026/04/12 14:25:27.008, 69.73, 2250, 100, 22
2026/04/12 14:25:27.118, 69.73, 2250, 100, 22
2026/04/12 14:25:27.227, 69.73, 2250, 100, 22
2026/04/12 14:25:27.336, 69.73, 2250, 100, 22
2026/04/12 14:25:27.444, 69.36, 2235, 100, 22
2026/04/12 14:25:27.554, 69.36, 2235, 100, 22
2026/04/12 14:25:27.663, 69.36, 2235, 100, 22
2026/04/12 14:25:27.773, 69.36, 2235, 100, 22
2026/04/12 14:25:27.882, 69.22, 2250, 100, 32
2026/04/12 14:25:27.993, 69.22, 2250, 100, 32
2026/04/12 14:25:28.102, 69.22, 2250, 100, 32
2026/04/12 14:25:28.213, 69.22, 2250, 100, 32
2026/04/12 14:25:28.324, 69.22, 2250, 100, 32
2026/04/12 14:25:28.433, 69.26, 2265, 100, 32
2026/04/12 14:25:28.543, 69.26, 2265, 100, 32
2026/04/12 14:25:28.653, 69.26, 2265, 100, 32
2026/04/12 14:25:28.761, 69.26, 2265, 100, 32
2026/04/12 14:25:28.872, 69.80, 2265, 100, 17
2026/04/12 14:25:28.981, 69.80, 2265, 100, 17
2026/04/12 14:25:29.091, 69.80, 2265, 100, 17
2026/04/12 14:25:29.201, 69.80, 2265, 100, 17
2026/04/12 14:25:29.312, 69.80, 2265, 100, 17
2026/04/12 14:25:29.423, 69.32, 2190, 100, 17
2026/04/12 14:25:29.533, 69.32, 2190, 100, 17
2026/04/12 14:25:29.643, 69.32, 2190, 100, 17
2026/04/12 14:25:29.753, 69.32, 2190, 100, 17
2026/04/12 14:25:29.864, 69.44, 2250, 100, 33
2026/04/12 14:25:29.973, 69.44, 2250, 100, 33
2026/04/12 14:25:30.084, 69.44, 2250, 100, 33
2026/04/12 14:25:30.194, 69.44, 2250, 100, 33
2026/04/12 14:25:30.302, 69.44, 2250, 100, 33
2026/04/12 14:25:30.415, 69.48, 2280, 100, 33
2026/04/12 14:25:30.523, 69.48, 2280, 100, 33
2026/04/12 14:25:30.636, 69.48, 2280, 100, 33
2026/04/12 14:25:30.745, 69.48, 2280, 100, 33
2026/04/12 14:25:30.855, 69.86, 2370, 100, 13
2026/04/12 14:25:30.965, 69.86, 2370, 100, 13
2026/04/12 14:25:31.076, 69.86, 2370, 100, 13
2026/04/12 14:25:31.185, 69.86, 2370, 100, 13
2026/04/12 14:25:31.295, 69.86, 2370, 100, 13
2026/04/12 14:25:31.405, 68.68, 2220, 100, 13
2026/04/12 14:25:31.513, 68.68, 2220, 100, 13
2026/04/12 14:25:31.624, 68.68, 2220, 100, 13
2026/04/12 14:25:31.733, 68.68, 2220, 100, 13
2026/04/12 14:25:31.842, 68.68, 2220, 100, 13
2026/04/12 14:25:31.951, 69.34, 2250, 100, 39
2026/04/12 14:25:32.061, 69.34, 2250, 100, 39
2026/04/12 14:25:32.170, 69.34, 2250, 100, 39
2026/04/12 14:25:32.281, 69.34, 2250, 100, 39
2026/04/12 14:25:32.391, 69.38, 2250, 100, 39
2026/04/12 14:25:32.500, 69.38, 2250, 100, 39
2026/04/12 14:25:32.610, 69.38, 2250, 100, 39
2026/04/12 14:25:32.721, 69.38, 2250, 100, 39
2026/04/12 14:25:32.832, 69.38, 2250, 100, 39
2026/04/12 14:25:32.942, 69.85, 2400, 100, 10
2026/04/12 14:25:33.055, 69.85, 2400, 100, 10
2026/04/12 14:25:33.162, 69.85, 2400, 100, 10
2026/04/12 14:25:33.274, 69.85, 2400, 100, 10
2026/04/12 14:25:33.382, 69.67, 2250, 100, 10
2026/04/12 14:25:33.494, 69.67, 2250, 100, 10
2026/04/12 14:25:33.605, 69.67, 2250, 100, 10
2026/04/12 14:25:33.713, 69.67, 2250, 100, 10
2026/04/12 14:25:33.827, 69.67, 2250, 100, 10
2026/04/12 14:25:33.935, 69.11, 2250, 100, 47
2026/04/12 14:25:34.044, 69.11, 2250, 100, 47
2026/04/12 14:25:34.156, 69.11, 2250, 100, 47
2026/04/12 14:25:34.266, 69.11, 2250, 100, 47
2026/04/12 14:25:34.375, 69.10, 2235, 100, 47
2026/04/12 14:25:34.488, 69.10, 2235, 100, 47
2026/04/12 14:25:34.598, 69.10, 2235, 100, 47
2026/04/12 14:25:34.708, 69.10, 2235, 100, 47
2026/04/12 14:25:34.818, 69.10, 2235, 100, 47
2026/04/12 14:25:34.930, 69.63, 2475, 100, 9
2026/04/12 14:25:35.038, 69.63, 2475, 100, 9
2026/04/12 14:25:35.150, 69.63, 2475, 100, 9
2026/04/12 14:25:35.257, 69.63, 2475, 100, 9
2026/04/12 14:25:35.368, 68.81, 2220, 100, 9
2026/04/12 14:25:35.480, 68.81, 2220, 100, 9
2026/04/12 14:25:35.590, 68.81, 2220, 100, 9
2026/04/12 14:25:35.701, 68.81, 2220, 100, 9
2026/04/12 14:25:35.810, 68.81, 2220, 100, 9
2026/04/12 14:25:35.919, 69.78, 2250, 100, 49
2026/04/12 14:25:36.030, 69.78, 2250, 100, 49
2026/04/12 14:25:36.141, 69.78, 2250, 100, 49
2026/04/12 14:25:36.252, 69.78, 2250, 100, 49
2026/04/12 14:25:36.362, 69.19, 2250, 100, 49
2026/04/12 14:25:36.474, 69.19, 2250, 100, 49
2026/04/12 14:25:36.585, 69.19, 2250, 100, 49
2026/04/12 14:25:36.697, 69.19, 2250, 100, 49
2026/04/12 14:25:36.804, 69.19, 2250, 100, 49
2026/04/12 14:25:36.912, 69.74, 2250, 100, 9
2026/04/12 14:25:37.024, 69.74, 2250, 100, 9
2026/04/12 14:25:37.136, 69.74, 2250, 100, 9
2026/04/12 14:25:37.247, 69.74, 2250, 100, 9
2026/04/12 14:25:37.356, 68.74, 2220, 100, 9
2026/04/12 14:25:37.469, 68.74, 2220, 100, 9
2026/04/12 14:25:37.576, 68.74, 2220, 100, 9
2026/04/12 14:25:37.687, 68.74, 2220, 100, 9
2026/04/12 14:25:37.797, 68.74, 2220, 100, 9
2026/04/12 14:25:37.908, 69.24, 2250, 100, 52
2026/04/12 14:25:38.019, 69.24, 2250, 100, 52
2026/04/12 14:25:38.127, 69.24, 2250, 100, 52
2026/04/12 14:25:38.241, 69.24, 2250, 100, 52
2026/04/12 14:25:38.347, 69.24, 2250, 100, 52
2026/04/12 14:25:38.459, 69.32, 2250, 100, 52
2026/04/12 14:25:38.567, 69.32, 2250, 100, 52
2026/04/12 14:25:38.681, 69.32, 2250, 100, 52
2026/04/12 14:25:38.788, 69.32, 2250, 100, 52
2026/04/12 14:25:38.897, 69.54, 2460, 100, 10
2026/04/12 14:25:39.010, 69.54, 2460, 100, 10
2026/04/12 14:25:39.122, 69.54, 2460, 100, 10
2026/04/12 14:25:39.230, 69.54, 2460, 100, 10
2026/04/12 14:25:39.338, 69.54, 2460, 100, 10
2026/04/12 14:25:39.447, 69.93, 2250, 100, 10
2026/04/12 14:25:39.560, 69.93, 2250, 100, 10
2026/04/12 14:25:39.669, 69.93, 2250, 100, 10
2026/04/12 14:25:39.781, 69.93, 2250, 100, 10
2026/04/12 14:25:39.891, 69.57, 2205, 100, 52
2026/04/12 14:25:39.999, 69.57, 2205, 100, 52
2026/04/12 14:25:40.113, 69.57, 2205, 100, 52
2026/04/12 14:25:40.221, 69.57, 2205, 100, 52
2026/04/12 14:25:40.333, 69.57, 2205, 100, 52
2026/04/12 14:25:40.443, 69.04, 2250, 100, 52
2026/04/12 14:25:40.554, 69.04, 2250, 100, 52
2026/04/12 14:25:40.662, 69.04, 2250, 100, 52
2026/04/12 14:25:40.771, 69.04, 2250, 100, 52
2026/04/12 14:25:40.884, 69.59, 2235, 100, 9
2026/04/12 14:25:40.993, 69.59, 2235, 100, 9
2026/04/12 14:25:41.119, 69.59, 2235, 100, 9
2026/04/12 14:25:41.235, 69.59, 2235, 100, 9
2026/04/12 14:25:41.345, 69.59, 2235, 100, 9
2026/04/12 14:25:41.455, 68.72, 2205, 100, 9
2026/04/12 14:25:41.561, 68.72, 2205, 100, 9
2026/04/12 14:25:41.670, 68.72, 2205, 100, 9
2026/04/12 14:25:41.780, 68.72, 2205, 100, 9
2026/04/12 14:25:41.891, 69.44, 2220, 100, 51
2026/04/12 14:25:42.001, 69.44, 2220, 100, 51
2026/04/12 14:25:42.112, 69.44, 2220, 100, 51
2026/04/12 14:25:42.221, 69.44, 2220, 100, 51
2026/04/12 14:25:42.329, 69.44, 2220, 100, 51
2026/04/12 14:25:42.439, 69.35, 2250, 100, 51
2026/04/12 14:25:42.547, 69.35, 2250, 100, 51
2026/04/12 14:25:42.659, 69.35, 2250, 100, 51
2026/04/12 14:25:42.770, 69.35, 2250, 100, 51
2026/04/12 14:25:42.880, 69.83, 2295, 100, 10
2026/04/12 14:25:42.988, 69.83, 2295, 100, 10
2026/04/12 14:25:43.099, 69.83, 2295, 100, 10
2026/04/12 14:25:43.208, 69.83, 2295, 100, 10
2026/04/12 14:25:43.321, 69.83, 2295, 100, 10
2026/04/12 14:25:43.430, 69.13, 2250, 100, 10
2026/04/12 14:25:43.538, 69.13, 2250, 100, 10
2026/04/12 14:25:43.647, 69.13, 2250, 100, 10
2026/04/12 14:25:43.758, 69.13, 2250, 100, 10
2026/04/12 14:25:43.867, 69.09, 2250, 100, 52
2026/04/12 14:25:43.979, 69.09, 2250, 100, 52
2026/04/12 14:25:44.087, 69.09, 2250, 100, 52
2026/04/12 14:25:44.197, 69.09, 2250, 100, 52
2026/04/12 14:25:44.308, 69.09, 2250, 100, 52
2026/04/12 14:25:44.420, 69.61, 2235, 100, 52
2026/04/12 14:25:44.530, 69.61, 2235, 100, 52
2026/04/12 14:25:44.645, 69.61, 2235, 100, 52
2026/04/12 14:25:44.749, 69.61, 2235, 100, 52
2026/04/12 14:25:44.862, 69.54, 2400, 100, 9
2026/04/12 14:25:44.973, 69.54, 2400, 100, 9
2026/04/12 14:25:45.083, 69.54, 2400, 100, 9
2026/04/12 14:25:45.194, 69.54, 2400, 100, 9
2026/04/12 14:25:45.306, 69.54, 2400, 100, 9
2026/04/12 14:25:45.416, 69.50, 2250, 100, 9
2026/04/12 14:25:45.524, 69.50, 2250, 100, 9
2026/04/12 14:25:45.636, 69.50, 2250, 100, 9
2026/04/12 14:25:45.746, 69.50, 2250, 100, 9
2026/04/12 14:25:45.859, 69.11, 2250, 100, 51
2026/04/12 14:25:45.968, 69.11, 2250, 100, 51
2026/04/12 14:25:46.078, 69.11, 2250, 100, 51
2026/04/12 14:25:46.187, 69.11, 2250, 100, 51
2026/04/12 14:25:46.297, 69.11, 2250, 100, 51
2026/04/12 14:25:46.408, 69.52, 2250, 100, 51
2026/04/12 14:25:46.517, 69.52, 2250, 100, 51
2026/04/12 14:25:46.629, 69.52, 2250, 100, 51
2026/04/12 14:25:46.738, 69.52, 2250, 100, 51
2026/04/12 14:25:46.849, 69.52, 2250, 100, 51
2026/04/12 14:25:46.961, 69.65, 2220, 100, 9
2026/04/12 14:25:47.072, 69.65, 2220, 100, 9
2026/04/12 14:25:47.182, 69.65, 2220, 100, 9
2026/04/12 14:25:47.293, 69.65, 2220, 100, 9
2026/04/12 14:25:47.404, 68.94, 2250, 100, 9
2026/04/12 14:25:47.511, 68.94, 2250, 100, 9
2026/04/12 14:25:47.623, 68.94, 2250, 100, 9
2026/04/12 14:25:47.736, 68.94, 2250, 100, 9
2026/04/12 14:25:47.845, 68.94, 2250, 100, 9
2026/04/12 14:25:47.955, 69.26, 2175, 100, 52
2026/04/12 14:25:48.069, 69.26, 2175, 100, 52
2026/04/12 14:25:48.179, 69.26, 2175, 100, 52
2026/04/12 14:25:48.287, 69.26, 2175, 100, 52
2026/04/12 14:25:48.396, 69.49, 2250, 100, 52
2026/04/12 14:25:48.504, 69.49, 2250, 100, 52
2026/04/12 14:25:48.615, 69.49, 2250, 100, 52
2026/04/12 14:25:48.725, 69.49, 2250, 100, 52
2026/04/12 14:25:48.837, 69.49, 2250, 100, 52
2026/04/12 14:25:48.946, 69.65, 2340, 100, 10
2026/04/12 14:25:49.058, 69.65, 2340, 100, 10
2026/04/12 14:25:49.166, 69.65, 2340, 100, 10
2026/04/12 14:25:49.282, 69.65, 2340, 100, 10
2026/04/12 14:25:49.392, 70.10, 2325, 100, 10
2026/04/12 14:25:49.498, 70.10, 2325, 100, 10
2026/04/12 14:25:49.608, 70.10, 2325, 100, 10
2026/04/12 14:25:49.721, 70.10, 2325, 100, 10
2026/04/12 14:25:49.829, 70.10, 2325, 100, 10
2026/04/12 14:25:49.940, 69.73, 2235, 100, 51
2026/04/12 14:25:50.051, 69.73, 2235, 100, 51
2026/04/12 14:25:50.164, 69.73, 2235, 100, 51
2026/04/12 14:25:50.273, 69.73, 2235, 100, 51
2026/04/12 14:25:50.385, 69.80, 2235, 100, 51
2026/04/12 14:25:50.495, 69.80, 2235, 100, 51
2026/04/12 14:25:50.606, 69.80, 2235, 100, 51
2026/04/12 14:25:50.717, 69.80, 2235, 100, 51
2026/04/12 14:25:50.830, 69.80, 2235, 100, 51
2026/04/12 14:25:50.939, 69.11, 2295, 100, 10
2026/04/12 14:25:51.050, 69.11, 2295, 100, 10
2026/04/12 14:25:51.159, 69.11, 2295, 100, 10
2026/04/12 14:25:51.271, 69.11, 2295, 100, 10
2026/04/12 14:25:51.379, 69.39, 2400, 100, 10
2026/04/12 14:25:51.489, 69.39, 2400, 100, 10
2026/04/12 14:25:51.599, 69.39, 2400, 100, 10
2026/04/12 14:25:51.712, 69.39, 2400, 100, 10
2026/04/12 14:25:51.821, 69.39, 2400, 100, 10
2026/04/12 14:25:51.935, 69.22, 2250, 100, 51
2026/04/12 14:25:52.043, 69.22, 2250, 100, 51
2026/04/12 14:25:52.154, 69.22, 2250, 100, 51
2026/04/12 14:25:52.265, 69.22, 2250, 100, 51
2026/04/12 14:25:52.378, 69.59, 2250, 100, 51
2026/04/12 14:25:52.488, 69.59, 2250, 100, 51
2026/04/12 14:25:52.595, 69.59, 2250, 100, 51
2026/04/12 14:25:52.705, 69.59, 2250, 100, 51
2026/04/12 14:25:52.816, 69.59, 2250, 100, 51
2026/04/12 14:25:52.929, 69.84, 2220, 100, 10
2026/04/12 14:25:53.038, 69.84, 2220, 100, 10
2026/04/12 14:25:53.147, 69.84, 2220, 100, 10
2026/04/12 14:25:53.260, 69.84, 2220, 100, 10
2026/04/12 14:25:53.370, 69.33, 2355, 100, 10
2026/04/12 14:25:53.481, 69.33, 2355, 100, 10
2026/04/12 14:25:53.593, 69.33, 2355, 100, 10
2026/04/12 14:25:53.698, 69.33, 2355, 100, 10
2026/04/12 14:25:53.808, 69.33, 2355, 100, 10
2026/04/12 14:25:53.918, 68.79, 2220, 100, 52
2026/04/12 14:25:54.030, 68.79, 2220, 100, 52
2026/04/12 14:25:54.142, 68.79, 2220, 100, 52
2026/04/12 14:25:54.252, 68.79, 2220, 100, 52
2026/04/12 14:25:54.363, 69.42, 2250, 100, 52
2026/04/12 14:25:54.473, 69.42, 2250, 100, 52
2026/04/12 14:25:54.589, 69.42, 2250, 100, 52
2026/04/12 14:25:54.696, 69.42, 2250, 100, 52
2026/04/12 14:25:54.806, 69.42, 2250, 100, 52
2026/04/12 14:25:54.918, 69.64, 2370, 100, 10
2026/04/12 14:25:55.030, 69.64, 2370, 100, 10
2026/04/12 14:25:55.138, 69.64, 2370, 100, 10
2026/04/12 14:25:55.248, 69.64, 2370, 100, 10
2026/04/12 14:25:55.360, 69.59, 2220, 100, 10
2026/04/12 14:25:55.470, 69.59, 2220, 100, 10
2026/04/12 14:25:55.582, 69.59, 2220, 100, 10
2026/04/12 14:25:55.690, 69.59, 2220, 100, 10
2026/04/12 14:25:55.800, 69.59, 2220, 100, 10
2026/04/12 14:25:55.910, 68.51, 2250, 100, 51
2026/04/12 14:25:56.023, 68.51, 2250, 100, 51
2026/04/12 14:25:56.133, 68.51, 2250, 100, 51
2026/04/12 14:25:56.243, 68.51, 2250, 100, 51
2026/04/12 14:25:56.355, 68.51, 2250, 100, 51
2026/04/12 14:25:56.461, 69.66, 2235, 100, 51
2026/04/12 14:25:56.575, 69.66, 2235, 100, 51
2026/04/12 14:25:56.683, 69.66, 2235, 100, 51
2026/04/12 14:25:56.794, 69.66, 2235, 100, 51
2026/04/12 14:25:56.902, 69.20, 2325, 100, 10
2026/04/12 14:25:57.015, 69.20, 2325, 100, 10
2026/04/12 14:25:57.124, 69.20, 2325, 100, 10
2026/04/12 14:25:57.236, 69.20, 2325, 100, 10
2026/04/12 14:25:57.345, 69.20, 2325, 100, 10
2026/04/12 14:25:57.455, 69.30, 2250, 100, 10
2026/04/12 14:25:57.565, 69.30, 2250, 100, 10
2026/04/12 14:25:57.675, 69.30, 2250, 100, 10
2026/04/12 14:25:57.784, 69.30, 2250, 100, 10
2026/04/12 14:25:57.897, 69.06, 2250, 100, 51
2026/04/12 14:25:58.004, 69.06, 2250, 100, 51
2026/04/12 14:25:58.114, 69.06, 2250, 100, 51
2026/04/12 14:25:58.228, 69.06, 2250, 100, 51
2026/04/12 14:25:58.336, 69.06, 2250, 100, 51
2026/04/12 14:25:58.446, 69.38, 2250, 100, 51
2026/04/12 14:25:58.556, 69.38, 2250, 100, 51
2026/04/12 14:25:58.669, 69.38, 2250, 100, 51
2026/04/12 14:25:58.780, 69.38, 2250, 100, 51
2026/04/12 14:25:58.889, 70.06, 2250, 100, 10
2026/04/12 14:25:59.001, 70.06, 2250, 100, 10
2026/04/12 14:25:59.111, 70.06, 2250, 100, 10
2026/04/12 14:25:59.222, 70.06, 2250, 100, 10
2026/04/12 14:25:59.333, 70.06, 2250, 100, 10
2026/04/12 14:25:59.444, 70.54, 2325, 100, 10
2026/04/12 14:25:59.555, 70.54, 2325, 100, 10
2026/04/12 14:25:59.663, 70.54, 2325, 100, 10
2026/04/12 14:25:59.773, 70.54, 2325, 100, 10
2026/04/12 14:25:59.884, 69.62, 2175, 100, 52
2026/04/12 14:25:59.995, 69.62, 2175, 100, 52
2026/04/12 14:26:00.104, 69.62, 2175, 100, 52
2026/04/12 14:26:00.215, 69.62, 2175, 100, 52
2026/04/12 14:26:00.328, 69.62, 2175, 100, 52
2026/04/12 14:26:00.437, 69.04, 2250, 100, 52
2026/04/12 14:26:00.551, 69.04, 2250, 100, 52
2026/04/12 14:26:00.662, 69.04, 2250, 100, 52
2026/04/12 14:26:00.770, 69.04, 2250, 100, 52
2026/04/12 14:26:00.883, 68.98, 2250, 100, 10
2026/04/12 14:26:00.991, 68.98, 2250, 100, 10
2026/04/12 14:26:01.102, 68.98, 2250, 100, 10
2026/04/12 14:26:01.212, 68.98, 2250, 100, 10
2026/04/12 14:26:01.322, 68.98, 2250, 100, 10
2026/04/12 14:26:01.433, 69.56, 2340, 100, 10
2026/04/12 14:26:01.548, 69.56, 2340, 100, 10
2026/04/12 14:26:01.653, 69.56, 2340, 100, 10
2026/04/12 14:26:01.765, 69.56, 2340, 100, 10
2026/04/12 14:26:01.874, 68.56, 2250, 100, 46
2026/04/12 14:26:01.982, 68.56, 2250, 100, 46
2026/04/12 14:26:02.093, 68.56, 2250, 100, 46
2026/04/12 14:26:02.201, 68.56, 2250, 100, 46
2026/04/12 14:26:02.311, 68.56, 2250, 100, 46
2026/04/12 14:26:02.420, 69.42, 2220, 100, 46
2026/04/12 14:26:02.529, 69.42, 2220, 100, 46
2026/04/12 14:26:02.641, 69.42, 2220, 100, 46
2026/04/12 14:26:02.749, 69.42, 2220, 100, 46
2026/04/12 14:26:02.861, 69.61, 2250, 100, 9
2026/04/12 14:26:02.970, 69.61, 2250, 100, 9
2026/04/12 14:26:03.079, 69.61, 2250, 100, 9
2026/04/12 14:26:03.189, 69.61, 2250, 100, 9
2026/04/12 14:26:03.299, 69.61, 2250, 100, 9
2026/04/12 14:26:03.410, 69.62, 2445, 100, 9
2026/04/12 14:26:03.527, 69.62, 2445, 100, 9
2026/04/12 14:26:03.633, 69.62, 2445, 100, 9
2026/04/12 14:26:03.743, 69.62, 2445, 100, 9
2026/04/12 14:26:03.852, 69.62, 2445, 100, 9
2026/04/12 14:26:03.962, 69.60, 2235, 100, 42
2026/04/12 14:26:04.075, 69.60, 2235, 100, 42
2026/04/12 14:26:04.186, 69.60, 2235, 100, 42
2026/04/12 14:26:04.296, 69.60, 2235, 100, 42
2026/04/12 14:26:04.406, 69.53, 2250, 100, 42
2026/04/12 14:26:04.513, 69.53, 2250, 100, 42
2026/04/12 14:26:04.627, 69.53, 2250, 100, 42
2026/04/12 14:26:04.735, 69.53, 2250, 100, 42
2026/04/12 14:26:04.843, 69.53, 2250, 100, 42
2026/04/12 14:26:04.953, 69.36, 2175, 100, 10
2026/04/12 14:26:05.065, 69.36, 2175, 100, 10
2026/04/12 14:26:05.174, 69.36, 2175, 100, 10
2026/04/12 14:26:05.283, 69.36, 2175, 100, 10
2026/04/12 14:26:05.393, 69.28, 2475, 100, 10
2026/04/12 14:26:05.503, 69.28, 2475, 100, 10
2026/04/12 14:26:05.614, 69.28, 2475, 100, 10
2026/04/12 14:26:05.725, 69.28, 2475, 100, 10
2026/04/12 14:26:05.836, 69.28, 2475, 100, 10
2026/04/12 14:26:05.949, 50.34, 2490, 0, 0
2026/04/12 14:26:06.056, 50.34, 2490, 0, 0
2026/04/12 14:26:06.164, 50.34, 2490, 0, 0
2026/04/12 14:26:06.280, 50.34, 2490, 0, 0
